-- phpMyAdmin SQL Dump
-- version 4.8.3
-- https://www.phpmyadmin.net/
--
-- Host: 127.0.0.1
-- Generation Time: Sep 16, 2020 at 03:53 AM
-- Server version: 10.1.37-MariaDB
-- PHP Version: 7.2.12

SET SQL_MODE = "NO_AUTO_VALUE_ON_ZERO";
SET AUTOCOMMIT = 0;
START TRANSACTION;
SET time_zone = "+00:00";


/*!40101 SET @OLD_CHARACTER_SET_CLIENT=@@CHARACTER_SET_CLIENT */;
/*!40101 SET @OLD_CHARACTER_SET_RESULTS=@@CHARACTER_SET_RESULTS */;
/*!40101 SET @OLD_COLLATION_CONNECTION=@@COLLATION_CONNECTION */;
/*!40101 SET NAMES utf8mb4 */;

--
-- Database: `phrma`
--

-- --------------------------------------------------------

--
-- Table structure for table `brand`
--

CREATE TABLE `brand` (
  `id` int(11) NOT NULL,
  `name` varchar(150) NOT NULL,
  `details` text NOT NULL,
  `status` int(1) NOT NULL
) ENGINE=InnoDB DEFAULT CHARSET=latin1;

--
-- Dumping data for table `brand`
--

INSERT INTO `brand` (`id`, `name`, `details`, `status`) VALUES
(3, 'Beximco Pharma', 'beximco  Bangladesh', 0),
(4, 'Opsonin Pharma', 'opsonin pharma', 0);

-- --------------------------------------------------------

--
-- Table structure for table `category`
--

CREATE TABLE `category` (
  `id` int(11) NOT NULL,
  `cat_name` varchar(150) NOT NULL,
  `cat_des` text NOT NULL,
  `cat_parent` int(11) DEFAULT '0',
  `photo` text,
  `status` tinyint(4) NOT NULL
) ENGINE=InnoDB DEFAULT CHARSET=latin1;

--
-- Dumping data for table `category`
--

INSERT INTO `category` (`id`, `cat_name`, `cat_des`, `cat_parent`, `photo`, `status`) VALUES
(42, 'paracetamol', 'paracetamol', NULL, NULL, 0),
(45, 'Gastric', 'Gastric', NULL, NULL, 0);

-- --------------------------------------------------------

--
-- Table structure for table `ci_sessions`
--

CREATE TABLE `ci_sessions` (
  `id` varchar(128) NOT NULL,
  `ip_address` varchar(45) NOT NULL,
  `timestamp` int(10) UNSIGNED NOT NULL DEFAULT '0',
  `data` blob NOT NULL
) ENGINE=InnoDB DEFAULT CHARSET=latin1;

--
-- Dumping data for table `ci_sessions`
--

INSERT INTO `ci_sessions` (`id`, `ip_address`, `timestamp`, `data`) VALUES
('uaqm2lsnakqikuq48bjsosk3fv44jpqh', '::1', 1599934549, 0x5f5f63695f6c6173745f726567656e65726174657c693a313539393933343534393b6e616d657c733a31323a2253616e6174205361726b6572223b656d61696c7c733a31353a226167656e7440676d61696c2e636f6d223b69647c733a313a2236223b747970657c733a313a2233223b6c6f67676564696e7c623a313b),
('vqs459jucdb962aao4g854vqtn4k3qo1', '::1', 1599935046, 0x5f5f63695f6c6173745f726567656e65726174657c693a313539393933353034363b6e616d657c733a31323a2253616e6174205361726b6572223b656d61696c7c733a31353a226167656e7440676d61696c2e636f6d223b69647c733a313a2236223b747970657c733a313a2233223b6c6f67676564696e7c623a313b),
('d1dhlq5l3lqabrf68ao4ekqu1652fq4t', '::1', 1599935717, 0x5f5f63695f6c6173745f726567656e65726174657c693a313539393933353731373b6e616d657c733a31323a2253616e6174205361726b6572223b656d61696c7c733a31353a226167656e7440676d61696c2e636f6d223b69647c733a313a2236223b747970657c733a313a2233223b6c6f67676564696e7c623a313b),
('jd0i3pv160mr2oh8buf4nmaliitjjg60', '::1', 1599940045, 0x5f5f63695f6c6173745f726567656e65726174657c693a313539393934303034353b6e616d657c733a31303a2241646d696e2055736572223b656d61696c7c733a31353a2261646d696e40676d61696c2e636f6d223b69647c733a313a2234223b747970657c733a313a2231223b6c6f67676564696e7c623a313b),
('dh27ut69l2chm0bbtsc0ietvo55310ai', '::1', 1599940131, 0x5f5f63695f6c6173745f726567656e65726174657c693a313539393934303034353b6e616d657c733a31303a2241646d696e2055736572223b656d61696c7c733a31353a2261646d696e40676d61696c2e636f6d223b69647c733a313a2234223b747970657c733a313a2231223b6c6f67676564696e7c623a313b),
('oe27vtkes8bsh95siqrl4mklkb0et6pb', '::1', 1599963870, 0x5f5f63695f6c6173745f726567656e65726174657c693a313539393936333837303b6e616d657c733a31323a2253616e6174205361726b6572223b656d61696c7c733a31353a226167656e7440676d61696c2e636f6d223b69647c733a313a2236223b747970657c733a313a2233223b6c6f67676564696e7c623a313b),
('j34d8p25rnh6do864va8r1no7bhfmfv6', '::1', 1599965459, 0x5f5f63695f6c6173745f726567656e65726174657c693a313539393936353435393b6e616d657c733a31303a2241646d696e2055736572223b656d61696c7c733a31353a2261646d696e40676d61696c2e636f6d223b69647c733a313a2234223b747970657c733a313a2231223b6c6f67676564696e7c623a313b),
('ad2fftgip2pe0bhe9atkb58u2u33j8v1', '::1', 1599965881, 0x5f5f63695f6c6173745f726567656e65726174657c693a313539393936353838313b6e616d657c733a31303a2241646d696e2055736572223b656d61696c7c733a31353a2261646d696e40676d61696c2e636f6d223b69647c733a313a2234223b747970657c733a313a2231223b6c6f67676564696e7c623a313b),
('vgcoit1eao3jpsncqve93586gcukbfa4', '::1', 1599966186, 0x5f5f63695f6c6173745f726567656e65726174657c693a313539393936363138363b6e616d657c733a31303a2241646d696e2055736572223b656d61696c7c733a31353a2261646d696e40676d61696c2e636f6d223b69647c733a313a2234223b747970657c733a313a2231223b6c6f67676564696e7c623a313b),
('binhno2rl98k0u17sa6drmm6vnj1claa', '::1', 1599966655, 0x5f5f63695f6c6173745f726567656e65726174657c693a313539393936363635353b6e616d657c733a31303a2241646d696e2055736572223b656d61696c7c733a31353a2261646d696e40676d61696c2e636f6d223b69647c733a313a2234223b747970657c733a313a2231223b6c6f67676564696e7c623a313b),
('jem28lth47pd5ssu9kfq4ambupfdse9q', '::1', 1599966962, 0x5f5f63695f6c6173745f726567656e65726174657c693a313539393936363936323b6e616d657c733a31303a2241646d696e2055736572223b656d61696c7c733a31353a2261646d696e40676d61696c2e636f6d223b69647c733a313a2234223b747970657c733a313a2231223b6c6f67676564696e7c623a313b),
('hsr96s5t8dde3jt06md8177uhgqmuk3u', '::1', 1599967316, 0x5f5f63695f6c6173745f726567656e65726174657c693a313539393936373331363b6e616d657c733a31303a2241646d696e2055736572223b656d61696c7c733a31353a2261646d696e40676d61696c2e636f6d223b69647c733a313a2234223b747970657c733a313a2231223b6c6f67676564696e7c623a313b),
('t39s957c577ef3l0qptc46b899ff3sc0', '::1', 1599967711, 0x5f5f63695f6c6173745f726567656e65726174657c693a313539393936373731313b6e616d657c733a31303a2241646d696e2055736572223b656d61696c7c733a31353a2261646d696e40676d61696c2e636f6d223b69647c733a313a2234223b747970657c733a313a2231223b6c6f67676564696e7c623a313b),
('6pt7fbg7ac0o9glktkru2rhfqpi4s9qp', '::1', 1599968448, 0x5f5f63695f6c6173745f726567656e65726174657c693a313539393936383434383b6e616d657c733a31303a2241646d696e2055736572223b656d61696c7c733a31353a2261646d696e40676d61696c2e636f6d223b69647c733a313a2234223b747970657c733a313a2231223b6c6f67676564696e7c623a313b),
('o2dbddrrvffsr8rl8tqonrg5jpfqoa6a', '::1', 1599968753, 0x5f5f63695f6c6173745f726567656e65726174657c693a313539393936383735333b6e616d657c733a31303a2241646d696e2055736572223b656d61696c7c733a31353a2261646d696e40676d61696c2e636f6d223b69647c733a313a2234223b747970657c733a313a2231223b6c6f67676564696e7c623a313b),
('pvc8oqmp13np1gt6jp7fk5nlaglrvela', '::1', 1599969085, 0x5f5f63695f6c6173745f726567656e65726174657c693a313539393936393038353b6e616d657c733a31303a2241646d696e2055736572223b656d61696c7c733a31353a2261646d696e40676d61696c2e636f6d223b69647c733a313a2234223b747970657c733a313a2231223b6c6f67676564696e7c623a313b),
('nnir7o748etn088gf7qtq6ca8u04pfcd', '::1', 1599969393, 0x5f5f63695f6c6173745f726567656e65726174657c693a313539393936393339333b6e616d657c733a31303a2241646d696e2055736572223b656d61696c7c733a31353a2261646d696e40676d61696c2e636f6d223b69647c733a313a2234223b747970657c733a313a2231223b6c6f67676564696e7c623a313b),
('3f8lbpnm3kpbtttmf7oo3a6rb4v3mf3f', '::1', 1599969726, 0x5f5f63695f6c6173745f726567656e65726174657c693a313539393936393732363b6e616d657c733a31303a2241646d696e2055736572223b656d61696c7c733a31353a2261646d696e40676d61696c2e636f6d223b69647c733a313a2234223b747970657c733a313a2231223b6c6f67676564696e7c623a313b),
('66k2tid4tclr6fmt194rjhh5f28c25v4', '::1', 1599970107, 0x5f5f63695f6c6173745f726567656e65726174657c693a313539393937303130373b6e616d657c733a31303a2241646d696e2055736572223b656d61696c7c733a31353a2261646d696e40676d61696c2e636f6d223b69647c733a313a2234223b747970657c733a313a2231223b6c6f67676564696e7c623a313b),
('75dvk17a6ksu4316hg37ds0qrsijuu7k', '::1', 1599970420, 0x5f5f63695f6c6173745f726567656e65726174657c693a313539393937303432303b6e616d657c733a31303a2241646d696e2055736572223b656d61696c7c733a31353a2261646d696e40676d61696c2e636f6d223b69647c733a313a2234223b747970657c733a313a2231223b6c6f67676564696e7c623a313b),
('94qktv9fh5g5vt3ofld72jdha0dqjco4', '::1', 1599970848, 0x5f5f63695f6c6173745f726567656e65726174657c693a313539393937303834383b6e616d657c733a31303a2241646d696e2055736572223b656d61696c7c733a31353a2261646d696e40676d61696c2e636f6d223b69647c733a313a2234223b747970657c733a313a2231223b6c6f67676564696e7c623a313b),
('f2qll3e0fjv9cv6ouv2uvhu6k225u6v5', '::1', 1599971157, 0x5f5f63695f6c6173745f726567656e65726174657c693a313539393937313135373b6e616d657c733a31303a2241646d696e2055736572223b656d61696c7c733a31353a2261646d696e40676d61696c2e636f6d223b69647c733a313a2234223b747970657c733a313a2231223b6c6f67676564696e7c623a313b),
('dffloqe8vpua7fp5bok33a71th5su5td', '::1', 1599971458, 0x5f5f63695f6c6173745f726567656e65726174657c693a313539393937313435383b6e616d657c733a31303a2241646d696e2055736572223b656d61696c7c733a31353a2261646d696e40676d61696c2e636f6d223b69647c733a313a2234223b747970657c733a313a2231223b6c6f67676564696e7c623a313b),
('0f2qua6di6f0jodv5099qbv0u522aptr', '::1', 1599971765, 0x5f5f63695f6c6173745f726567656e65726174657c693a313539393937313736353b6e616d657c733a31303a2241646d696e2055736572223b656d61696c7c733a31353a2261646d696e40676d61696c2e636f6d223b69647c733a313a2234223b747970657c733a313a2231223b6c6f67676564696e7c623a313b),
('g6v7lkjnc1qu2o6fv2mrc41nvmlr7hrm', '::1', 1599972090, 0x5f5f63695f6c6173745f726567656e65726174657c693a313539393937323039303b6e616d657c733a31303a2241646d696e2055736572223b656d61696c7c733a31353a2261646d696e40676d61696c2e636f6d223b69647c733a313a2234223b747970657c733a313a2231223b6c6f67676564696e7c623a313b),
('pto08tcjev0t13eerf08ahb4e198elm3', '::1', 1599972458, 0x5f5f63695f6c6173745f726567656e65726174657c693a313539393937323435383b6e616d657c733a31303a2241646d696e2055736572223b656d61696c7c733a31353a2261646d696e40676d61696c2e636f6d223b69647c733a313a2234223b747970657c733a313a2231223b6c6f67676564696e7c623a313b),
('5ij0v89kljd7cij04pefeg1p7d70ma98', '::1', 1599972778, 0x5f5f63695f6c6173745f726567656e65726174657c693a313539393937323737383b6e616d657c733a31303a2241646d696e2055736572223b656d61696c7c733a31353a2261646d696e40676d61696c2e636f6d223b69647c733a313a2234223b747970657c733a313a2231223b6c6f67676564696e7c623a313b),
('d57n2utrmdrbd6hcto30kcgf4bfh7r4k', '::1', 1599973096, 0x5f5f63695f6c6173745f726567656e65726174657c693a313539393937333039363b6e616d657c733a31303a2241646d696e2055736572223b656d61696c7c733a31353a2261646d696e40676d61696c2e636f6d223b69647c733a313a2234223b747970657c733a313a2231223b6c6f67676564696e7c623a313b),
('gs8ao2t119nair9cjd1eu81nvucc39nc', '::1', 1599973467, 0x5f5f63695f6c6173745f726567656e65726174657c693a313539393937333436373b6e616d657c733a31303a2241646d696e2055736572223b656d61696c7c733a31353a2261646d696e40676d61696c2e636f6d223b69647c733a313a2234223b747970657c733a313a2231223b6c6f67676564696e7c623a313b),
('ndm6mt5t65ft4ihuku2j4ot6b5uftiha', '::1', 1599973800, 0x5f5f63695f6c6173745f726567656e65726174657c693a313539393937333830303b6e616d657c733a31303a2241646d696e2055736572223b656d61696c7c733a31353a2261646d696e40676d61696c2e636f6d223b69647c733a313a2234223b747970657c733a313a2231223b6c6f67676564696e7c623a313b),
('8fe56gkc5e2758b3oaoe636ksl5dcjar', '::1', 1599974248, 0x5f5f63695f6c6173745f726567656e65726174657c693a313539393937343234383b6e616d657c733a31303a2241646d696e2055736572223b656d61696c7c733a31353a2261646d696e40676d61696c2e636f6d223b69647c733a313a2234223b747970657c733a313a2231223b6c6f67676564696e7c623a313b),
('pgqiub55odedafbq9h3ocu7ab65kpmar', '::1', 1599975860, 0x5f5f63695f6c6173745f726567656e65726174657c693a313539393937353836303b6e616d657c733a31303a2241646d696e2055736572223b656d61696c7c733a31353a2261646d696e40676d61696c2e636f6d223b69647c733a313a2234223b747970657c733a313a2231223b6c6f67676564696e7c623a313b),
('mbba7es1ru27vhima38o0qqc932lj1is', '::1', 1599976625, 0x5f5f63695f6c6173745f726567656e65726174657c693a313539393937363632353b6e616d657c733a31303a2241646d696e2055736572223b656d61696c7c733a31353a2261646d696e40676d61696c2e636f6d223b69647c733a313a2234223b747970657c733a313a2231223b6c6f67676564696e7c623a313b),
('39lijnsdmuarhoghs7navtnlsjkgej6s', '::1', 1599977114, 0x5f5f63695f6c6173745f726567656e65726174657c693a313539393937373131343b6e616d657c733a31303a2241646d696e2055736572223b656d61696c7c733a31353a2261646d696e40676d61696c2e636f6d223b69647c733a313a2234223b747970657c733a313a2231223b6c6f67676564696e7c623a313b),
('hesd9oishs2r947m5cct189g7e7hhb1f', '::1', 1599977519, 0x5f5f63695f6c6173745f726567656e65726174657c693a313539393937373531393b6e616d657c733a31303a2241646d696e2055736572223b656d61696c7c733a31353a2261646d696e40676d61696c2e636f6d223b69647c733a313a2234223b747970657c733a313a2231223b6c6f67676564696e7c623a313b),
('i0qt2ielfmkf3iutgobf7t61s0lfs7m4', '::1', 1599977847, 0x5f5f63695f6c6173745f726567656e65726174657c693a313539393937373834373b6e616d657c733a31303a2241646d696e2055736572223b656d61696c7c733a31353a2261646d696e40676d61696c2e636f6d223b69647c733a313a2234223b747970657c733a313a2231223b6c6f67676564696e7c623a313b),
('b5amja62eg6jlukog54g5bc5g5mq3g17', '::1', 1599978154, 0x5f5f63695f6c6173745f726567656e65726174657c693a313539393937383135343b6e616d657c733a31303a2241646d696e2055736572223b656d61696c7c733a31353a2261646d696e40676d61696c2e636f6d223b69647c733a313a2234223b747970657c733a313a2231223b6c6f67676564696e7c623a313b),
('oh2svho13napk581fkf3dq2o323dv1fh', '::1', 1599978543, 0x5f5f63695f6c6173745f726567656e65726174657c693a313539393937383534333b6e616d657c733a31303a2241646d696e2055736572223b656d61696c7c733a31353a2261646d696e40676d61696c2e636f6d223b69647c733a313a2234223b747970657c733a313a2231223b6c6f67676564696e7c623a313b),
('jo2ht9rk6j4hctnkdh896fcc3d0q13d3', '::1', 1599978976, 0x5f5f63695f6c6173745f726567656e65726174657c693a313539393937383937363b6e616d657c733a31303a2241646d696e2055736572223b656d61696c7c733a31353a2261646d696e40676d61696c2e636f6d223b69647c733a313a2234223b747970657c733a313a2231223b6c6f67676564696e7c623a313b),
('vrpsgbu4j1oat70t799ug8l2caeh695c', '::1', 1599979289, 0x5f5f63695f6c6173745f726567656e65726174657c693a313539393937393238393b6e616d657c733a31303a2241646d696e2055736572223b656d61696c7c733a31353a2261646d696e40676d61696c2e636f6d223b69647c733a313a2234223b747970657c733a313a2231223b6c6f67676564696e7c623a313b),
('ctv33a87bna4ro9outn4k93k8f7l2cv8', '::1', 1599979603, 0x5f5f63695f6c6173745f726567656e65726174657c693a313539393937393630333b6e616d657c733a31303a2241646d696e2055736572223b656d61696c7c733a31353a2261646d696e40676d61696c2e636f6d223b69647c733a313a2234223b747970657c733a313a2231223b6c6f67676564696e7c623a313b),
('h4fipsjs15fpofgp0h4biccdeo789rju', '::1', 1599979950, 0x5f5f63695f6c6173745f726567656e65726174657c693a313539393937393935303b6e616d657c733a31303a2241646d696e2055736572223b656d61696c7c733a31353a2261646d696e40676d61696c2e636f6d223b69647c733a313a2234223b747970657c733a313a2231223b6c6f67676564696e7c623a313b),
('d93en2mlbkfc7obfbtu3i4pohoqn2240', '::1', 1599980268, 0x5f5f63695f6c6173745f726567656e65726174657c693a313539393938303236383b6e616d657c733a31303a2241646d696e2055736572223b656d61696c7c733a31353a2261646d696e40676d61696c2e636f6d223b69647c733a313a2234223b747970657c733a313a2231223b6c6f67676564696e7c623a313b),
('o4kbr3rtiuki0qqp7ta1c3ee988d5bdp', '::1', 1599980717, 0x5f5f63695f6c6173745f726567656e65726174657c693a313539393938303731373b6e616d657c733a31303a2241646d696e2055736572223b656d61696c7c733a31353a2261646d696e40676d61696c2e636f6d223b69647c733a313a2234223b747970657c733a313a2231223b6c6f67676564696e7c623a313b),
('t21vjncpi1kf1im565r1opmt5v0oii46', '::1', 1599980851, 0x5f5f63695f6c6173745f726567656e65726174657c693a313539393938303731373b6e616d657c733a31303a2241646d696e2055736572223b656d61696c7c733a31353a2261646d696e40676d61696c2e636f6d223b69647c733a313a2234223b747970657c733a313a2231223b6c6f67676564696e7c623a313b),
('gr21l963gneqgaajhbkp5a9ns23jn402', '::1', 1599997167, 0x5f5f63695f6c6173745f726567656e65726174657c693a313539393939373136373b),
('lm1qmbl22r21iah5c949cekju7dt2s44', '::1', 1599997475, 0x5f5f63695f6c6173745f726567656e65726174657c693a313539393939373437353b6e616d657c733a31303a2241646d696e2055736572223b656d61696c7c733a31353a2261646d696e40676d61696c2e636f6d223b69647c733a313a2234223b747970657c733a313a2231223b6c6f67676564696e7c623a313b),
('jtd89j3u41mtc3v52r31ike1j4lh0sa2', '::1', 1599997815, 0x5f5f63695f6c6173745f726567656e65726174657c693a313539393939373831353b6e616d657c733a31303a2241646d696e2055736572223b656d61696c7c733a31353a2261646d696e40676d61696c2e636f6d223b69647c733a313a2234223b747970657c733a313a2231223b6c6f67676564696e7c623a313b),
('kskli3v7rpigajvgn23ibrhm09187gfc', '::1', 1599998235, 0x5f5f63695f6c6173745f726567656e65726174657c693a313539393939383233353b6e616d657c733a31303a2241646d696e2055736572223b656d61696c7c733a31353a2261646d696e40676d61696c2e636f6d223b69647c733a313a2234223b747970657c733a313a2231223b6c6f67676564696e7c623a313b),
('9p1hr4f4i2gldpklaftustd709ttsju6', '::1', 1599998561, 0x5f5f63695f6c6173745f726567656e65726174657c693a313539393939383536313b6e616d657c733a31303a2241646d696e2055736572223b656d61696c7c733a31353a2261646d696e40676d61696c2e636f6d223b69647c733a313a2234223b747970657c733a313a2231223b6c6f67676564696e7c623a313b),
('7vhbllob28b30420682rusbir93j88os', '::1', 1599999344, 0x5f5f63695f6c6173745f726567656e65726174657c693a313539393939393334343b6e616d657c733a31303a2241646d696e2055736572223b656d61696c7c733a31353a2261646d696e40676d61696c2e636f6d223b69647c733a313a2234223b747970657c733a313a2231223b6c6f67676564696e7c623a313b),
('6qthb5mmt3lpnbspoqmfj787l8semsgb', '::1', 1599999693, 0x5f5f63695f6c6173745f726567656e65726174657c693a313539393939393639333b6e616d657c733a31303a2241646d696e2055736572223b656d61696c7c733a31353a2261646d696e40676d61696c2e636f6d223b69647c733a313a2234223b747970657c733a313a2231223b6c6f67676564696e7c623a313b),
('eac6ei2i0992j6tklr72ndk6eb1fduvj', '::1', 1600000630, 0x5f5f63695f6c6173745f726567656e65726174657c693a313630303030303633303b6e616d657c733a31303a2241646d696e2055736572223b656d61696c7c733a31353a2261646d696e40676d61696c2e636f6d223b69647c733a313a2234223b747970657c733a313a2231223b6c6f67676564696e7c623a313b),
('c1gvh2011nt89s1bkavcp1501p453o5d', '::1', 1600001015, 0x5f5f63695f6c6173745f726567656e65726174657c693a313630303030313031353b6e616d657c733a31303a2241646d696e2055736572223b656d61696c7c733a31353a2261646d696e40676d61696c2e636f6d223b69647c733a313a2234223b747970657c733a313a2231223b6c6f67676564696e7c623a313b),
('vuektqdtgnt8ge8mo10kljvrvocaidaj', '::1', 1600001333, 0x5f5f63695f6c6173745f726567656e65726174657c693a313630303030313333333b6e616d657c733a31303a2241646d696e2055736572223b656d61696c7c733a31353a2261646d696e40676d61696c2e636f6d223b69647c733a313a2234223b747970657c733a313a2231223b6c6f67676564696e7c623a313b),
('0009cp57jbe0uuq4smnc36ot1edoh94h', '::1', 1600001729, 0x5f5f63695f6c6173745f726567656e65726174657c693a313630303030313732393b6e616d657c733a31303a2241646d696e2055736572223b656d61696c7c733a31353a2261646d696e40676d61696c2e636f6d223b69647c733a313a2234223b747970657c733a313a2231223b6c6f67676564696e7c623a313b),
('5mu19c81i4qf0u0241kkm3j6618lcha2', '::1', 1600002196, 0x5f5f63695f6c6173745f726567656e65726174657c693a313630303030323139363b6e616d657c733a31303a2241646d696e2055736572223b656d61696c7c733a31353a2261646d696e40676d61696c2e636f6d223b69647c733a313a2234223b747970657c733a313a2231223b6c6f67676564696e7c623a313b),
('8amn3t05finhi2togqv7lmlfrl4i671m', '::1', 1600002533, 0x5f5f63695f6c6173745f726567656e65726174657c693a313630303030323533333b6e616d657c733a31303a2241646d696e2055736572223b656d61696c7c733a31353a2261646d696e40676d61696c2e636f6d223b69647c733a313a2234223b747970657c733a313a2231223b6c6f67676564696e7c623a313b),
('9atefk73ga8v79hjvaitvlqnicfct64d', '::1', 1600003006, 0x5f5f63695f6c6173745f726567656e65726174657c693a313630303030333030363b6e616d657c733a31303a2241646d696e2055736572223b656d61696c7c733a31353a2261646d696e40676d61696c2e636f6d223b69647c733a313a2234223b747970657c733a313a2231223b6c6f67676564696e7c623a313b),
('bah5edo7ub2em7k91v8qhpnqtcsvudlt', '::1', 1600003313, 0x5f5f63695f6c6173745f726567656e65726174657c693a313630303030333331333b6e616d657c733a31303a2241646d696e2055736572223b656d61696c7c733a31353a2261646d696e40676d61696c2e636f6d223b69647c733a313a2234223b747970657c733a313a2231223b6c6f67676564696e7c623a313b),
('dfe7uuscuh2503d8d7la67gvsh25digo', '::1', 1600003631, 0x5f5f63695f6c6173745f726567656e65726174657c693a313630303030333633313b6e616d657c733a31303a2241646d696e2055736572223b656d61696c7c733a31353a2261646d696e40676d61696c2e636f6d223b69647c733a313a2234223b747970657c733a313a2231223b6c6f67676564696e7c623a313b),
('t37g1tu59o4ks7moqjonmp8ppipdfmvt', '::1', 1600003945, 0x5f5f63695f6c6173745f726567656e65726174657c693a313630303030333934353b6e616d657c733a31303a2241646d696e2055736572223b656d61696c7c733a31353a2261646d696e40676d61696c2e636f6d223b69647c733a313a2234223b747970657c733a313a2231223b6c6f67676564696e7c623a313b),
('1b7h21mdgvca0afhb1ormv2qh3q8i1e1', '::1', 1600004272, 0x5f5f63695f6c6173745f726567656e65726174657c693a313630303030343237323b6e616d657c733a31303a2241646d696e2055736572223b656d61696c7c733a31353a2261646d696e40676d61696c2e636f6d223b69647c733a313a2234223b747970657c733a313a2231223b6c6f67676564696e7c623a313b),
('2cfbkloheufe09d3u6lq9glmg32448de', '::1', 1600004703, 0x5f5f63695f6c6173745f726567656e65726174657c693a313630303030343730333b6e616d657c733a31303a2241646d696e2055736572223b656d61696c7c733a31353a2261646d696e40676d61696c2e636f6d223b69647c733a313a2234223b747970657c733a313a2231223b6c6f67676564696e7c623a313b),
('sn3d2vq3itnk5li86pqam0nhgvrb5l0g', '::1', 1600005259, 0x5f5f63695f6c6173745f726567656e65726174657c693a313630303030353235393b6e616d657c733a31303a2241646d696e2055736572223b656d61696c7c733a31353a2261646d696e40676d61696c2e636f6d223b69647c733a313a2234223b747970657c733a313a2231223b6c6f67676564696e7c623a313b),
('6r0svf5la7b91qemk88h6emvbsfn7sm4', '::1', 1600005577, 0x5f5f63695f6c6173745f726567656e65726174657c693a313630303030353537373b6e616d657c733a31303a2241646d696e2055736572223b656d61696c7c733a31353a2261646d696e40676d61696c2e636f6d223b69647c733a313a2234223b747970657c733a313a2231223b6c6f67676564696e7c623a313b),
('4r7hnc08klvh2f2p87ta083lobkualgi', '::1', 1600006097, 0x5f5f63695f6c6173745f726567656e65726174657c693a313630303030363039373b6e616d657c733a31303a2241646d696e2055736572223b656d61696c7c733a31353a2261646d696e40676d61696c2e636f6d223b69647c733a313a2234223b747970657c733a313a2231223b6c6f67676564696e7c623a313b),
('ec85as5pbr7in5aeec2489hqbn449lfg', '::1', 1600006449, 0x5f5f63695f6c6173745f726567656e65726174657c693a313630303030363434393b6e616d657c733a31303a2241646d696e2055736572223b656d61696c7c733a31353a2261646d696e40676d61696c2e636f6d223b69647c733a313a2234223b747970657c733a313a2231223b6c6f67676564696e7c623a313b),
('icmptiop3td8ifh58vd3o7o9n0337v7b', '::1', 1600006753, 0x5f5f63695f6c6173745f726567656e65726174657c693a313630303030363735333b6e616d657c733a31303a2241646d696e2055736572223b656d61696c7c733a31353a2261646d696e40676d61696c2e636f6d223b69647c733a313a2234223b747970657c733a313a2231223b6c6f67676564696e7c623a313b),
('ldj271vqqbnaddeqgi9274a9kph9u3uh', '::1', 1600007062, 0x5f5f63695f6c6173745f726567656e65726174657c693a313630303030373036323b6e616d657c733a31303a2241646d696e2055736572223b656d61696c7c733a31353a2261646d696e40676d61696c2e636f6d223b69647c733a313a2234223b747970657c733a313a2231223b6c6f67676564696e7c623a313b),
('bo1sejk8u5iaoda57i6fmab4g0qke414', '::1', 1600007383, 0x5f5f63695f6c6173745f726567656e65726174657c693a313630303030373338333b6e616d657c733a31303a2241646d696e2055736572223b656d61696c7c733a31353a2261646d696e40676d61696c2e636f6d223b69647c733a313a2234223b747970657c733a313a2231223b6c6f67676564696e7c623a313b),
('bl0dv7qesrnsjl9boau3mdssbi7td9uf', '::1', 1600007684, 0x5f5f63695f6c6173745f726567656e65726174657c693a313630303030373638343b6e616d657c733a31303a2241646d696e2055736572223b656d61696c7c733a31353a2261646d696e40676d61696c2e636f6d223b69647c733a313a2234223b747970657c733a313a2231223b6c6f67676564696e7c623a313b),
('dl8p08r2jdvrns90nldd8rf344oaojej', '::1', 1600008034, 0x5f5f63695f6c6173745f726567656e65726174657c693a313630303030383033343b6e616d657c733a31303a2241646d696e2055736572223b656d61696c7c733a31353a2261646d696e40676d61696c2e636f6d223b69647c733a313a2234223b747970657c733a313a2231223b6c6f67676564696e7c623a313b),
('at8ogtnu2t1jidbt8pqka37huk0s2s6d', '::1', 1600008353, 0x5f5f63695f6c6173745f726567656e65726174657c693a313630303030383335333b6e616d657c733a31303a2241646d696e2055736572223b656d61696c7c733a31353a2261646d696e40676d61696c2e636f6d223b69647c733a313a2234223b747970657c733a313a2231223b6c6f67676564696e7c623a313b),
('l9l0qmji013tgb063jofjrcgrd2uctuc', '::1', 1600008690, 0x5f5f63695f6c6173745f726567656e65726174657c693a313630303030383639303b6e616d657c733a31303a2241646d696e2055736572223b656d61696c7c733a31353a2261646d696e40676d61696c2e636f6d223b69647c733a313a2234223b747970657c733a313a2231223b6c6f67676564696e7c623a313b),
('635gpe97i6tcs8d553kbl30kotiugv75', '::1', 1600009021, 0x5f5f63695f6c6173745f726567656e65726174657c693a313630303030393032313b6e616d657c733a31303a2241646d696e2055736572223b656d61696c7c733a31353a2261646d696e40676d61696c2e636f6d223b69647c733a313a2234223b747970657c733a313a2231223b6c6f67676564696e7c623a313b),
('9srj4mb2o7lkq3qgtt5bvveu1qa02cpj', '::1', 1600009280, 0x5f5f63695f6c6173745f726567656e65726174657c693a313630303030393032313b6e616d657c733a31303a2241646d696e2055736572223b656d61696c7c733a31353a2261646d696e40676d61696c2e636f6d223b69647c733a313a2234223b747970657c733a313a2231223b6c6f67676564696e7c623a313b),
('9isq3pn1v9abspaakjo9jkmeab0d55cu', '::1', 1600020396, 0x5f5f63695f6c6173745f726567656e65726174657c693a313630303032303339363b6e616d657c733a31303a2241646d696e2055736572223b656d61696c7c733a31353a2261646d696e40676d61696c2e636f6d223b69647c733a313a2234223b747970657c733a313a2231223b6c6f67676564696e7c623a313b),
('96v0rgrnkaa8rhjvsgt7koaugp1mfval', '::1', 1600020703, 0x5f5f63695f6c6173745f726567656e65726174657c693a313630303032303730333b6e616d657c733a31303a2241646d696e2055736572223b656d61696c7c733a31353a2261646d696e40676d61696c2e636f6d223b69647c733a313a2234223b747970657c733a313a2231223b6c6f67676564696e7c623a313b),
('kocgcqfei5u50od6grfh555b30j8sqmn', '::1', 1600022128, 0x5f5f63695f6c6173745f726567656e65726174657c693a313630303032323132383b6e616d657c733a31303a2241646d696e2055736572223b656d61696c7c733a31353a2261646d696e40676d61696c2e636f6d223b69647c733a313a2234223b747970657c733a313a2231223b6c6f67676564696e7c623a313b),
('unihg79639mk12ull00817ncna89i381', '::1', 1600022444, 0x5f5f63695f6c6173745f726567656e65726174657c693a313630303032323434343b6e616d657c733a31303a2241646d696e2055736572223b656d61696c7c733a31353a2261646d696e40676d61696c2e636f6d223b69647c733a313a2234223b747970657c733a313a2231223b6c6f67676564696e7c623a313b),
('is8a0i7cpjcuigt1uuuckmlv7d2mp564', '::1', 1600022758, 0x5f5f63695f6c6173745f726567656e65726174657c693a313630303032323735383b6e616d657c733a31303a2241646d696e2055736572223b656d61696c7c733a31353a2261646d696e40676d61696c2e636f6d223b69647c733a313a2234223b747970657c733a313a2231223b6c6f67676564696e7c623a313b),
('ibh06rqjcuvo36l78lnrnauii8l7ghe2', '::1', 1600023060, 0x5f5f63695f6c6173745f726567656e65726174657c693a313630303032333036303b6e616d657c733a31303a2241646d696e2055736572223b656d61696c7c733a31353a2261646d696e40676d61696c2e636f6d223b69647c733a313a2234223b747970657c733a313a2231223b6c6f67676564696e7c623a313b),
('pb2rgp8jonsj7fvtpvl33s5s162ktier', '::1', 1600023425, 0x5f5f63695f6c6173745f726567656e65726174657c693a313630303032333432353b6e616d657c733a31303a2241646d696e2055736572223b656d61696c7c733a31353a2261646d696e40676d61696c2e636f6d223b69647c733a313a2234223b747970657c733a313a2231223b6c6f67676564696e7c623a313b),
('0jjlfiqooniau515fl7t2rs64l8l928q', '::1', 1600023745, 0x5f5f63695f6c6173745f726567656e65726174657c693a313630303032333734353b6e616d657c733a31303a2241646d696e2055736572223b656d61696c7c733a31353a2261646d696e40676d61696c2e636f6d223b69647c733a313a2234223b747970657c733a313a2231223b6c6f67676564696e7c623a313b),
('50is1a9dnlfijtqv2ak8gjjlrotd7gih', '::1', 1600024189, 0x5f5f63695f6c6173745f726567656e65726174657c693a313630303032343138393b6e616d657c733a31303a2241646d696e2055736572223b656d61696c7c733a31353a2261646d696e40676d61696c2e636f6d223b69647c733a313a2234223b747970657c733a313a2231223b6c6f67676564696e7c623a313b),
('v07aeigajjseid7jpmu6on2djkfi8fqu', '::1', 1600024498, 0x5f5f63695f6c6173745f726567656e65726174657c693a313630303032343439383b6e616d657c733a31303a2241646d696e2055736572223b656d61696c7c733a31353a2261646d696e40676d61696c2e636f6d223b69647c733a313a2234223b747970657c733a313a2231223b6c6f67676564696e7c623a313b),
('ben57kg2ogg8enmpj97uaboi97pa2cnd', '::1', 1600024855, 0x5f5f63695f6c6173745f726567656e65726174657c693a313630303032343835353b6e616d657c733a31303a2241646d696e2055736572223b656d61696c7c733a31353a2261646d696e40676d61696c2e636f6d223b69647c733a313a2234223b747970657c733a313a2231223b6c6f67676564696e7c623a313b),
('frj994qhfmp3uokcu0ps9o5kso2ts5om', '::1', 1600025163, 0x5f5f63695f6c6173745f726567656e65726174657c693a313630303032353136333b6e616d657c733a31303a2241646d696e2055736572223b656d61696c7c733a31353a2261646d696e40676d61696c2e636f6d223b69647c733a313a2234223b747970657c733a313a2231223b6c6f67676564696e7c623a313b),
('jfn9br3tttsa8u0h9qkp2m7o8engsts1', '::1', 1600025464, 0x5f5f63695f6c6173745f726567656e65726174657c693a313630303032353436343b6e616d657c733a31303a2241646d696e2055736572223b656d61696c7c733a31353a2261646d696e40676d61696c2e636f6d223b69647c733a313a2234223b747970657c733a313a2231223b6c6f67676564696e7c623a313b),
('1a6nin6eedbncncc4ude92r69qgj15p4', '::1', 1600025827, 0x5f5f63695f6c6173745f726567656e65726174657c693a313630303032353832373b6e616d657c733a31303a2241646d696e2055736572223b656d61696c7c733a31353a2261646d696e40676d61696c2e636f6d223b69647c733a313a2234223b747970657c733a313a2231223b6c6f67676564696e7c623a313b),
('2isloqvhvbppqrj8etrnhfuumklitlgr', '::1', 1600026264, 0x5f5f63695f6c6173745f726567656e65726174657c693a313630303032363236343b6e616d657c733a31303a2241646d696e2055736572223b656d61696c7c733a31353a2261646d696e40676d61696c2e636f6d223b69647c733a313a2234223b747970657c733a313a2231223b6c6f67676564696e7c623a313b),
('j88ubivt5dnulkn4amk4jp6ns7a77ru5', '::1', 1600027772, 0x5f5f63695f6c6173745f726567656e65726174657c693a313630303032373737323b6e616d657c733a31303a2241646d696e2055736572223b656d61696c7c733a31353a2261646d696e40676d61696c2e636f6d223b69647c733a313a2234223b747970657c733a313a2231223b6c6f67676564696e7c623a313b),
('v1r2v7dibgvumb79b4417puing38fsr9', '::1', 1600031301, 0x5f5f63695f6c6173745f726567656e65726174657c693a313630303032373737323b6e616d657c733a31303a2241646d696e2055736572223b656d61696c7c733a31353a2261646d696e40676d61696c2e636f6d223b69647c733a313a2234223b747970657c733a313a2231223b6c6f67676564696e7c623a313b),
('mebvckshp5j0amn51pbqg8pfjghf0eu0', '::1', 1600106055, 0x5f5f63695f6c6173745f726567656e65726174657c693a313630303130363035353b6e616d657c733a31303a2241646d696e2055736572223b656d61696c7c733a31353a2261646d696e40676d61696c2e636f6d223b69647c733a313a2234223b747970657c733a313a2231223b6c6f67676564696e7c623a313b),
('5bj9dn9o7a5j7evft5tim6h3325csjed', '::1', 1600106440, 0x5f5f63695f6c6173745f726567656e65726174657c693a313630303130363434303b6e616d657c733a31303a2241646d696e2055736572223b656d61696c7c733a31353a2261646d696e40676d61696c2e636f6d223b69647c733a313a2234223b747970657c733a313a2231223b6c6f67676564696e7c623a313b),
('ll6ge6f5j05sgkji0ok9i6183c75fjnn', '::1', 1600111970, 0x5f5f63695f6c6173745f726567656e65726174657c693a313630303131313937303b6e616d657c733a31303a2241646d696e2055736572223b656d61696c7c733a31353a2261646d696e40676d61696c2e636f6d223b69647c733a313a2234223b747970657c733a313a2231223b6c6f67676564696e7c623a313b),
('iecsjau8kgg3neh5h7htn2u8j78t9svj', '::1', 1600112278, 0x5f5f63695f6c6173745f726567656e65726174657c693a313630303131323237383b6e616d657c733a31303a2241646d696e2055736572223b656d61696c7c733a31353a2261646d696e40676d61696c2e636f6d223b69647c733a313a2234223b747970657c733a313a2231223b6c6f67676564696e7c623a313b),
('oqin9k9aj1cboq70ukb0paonrjqms5tj', '::1', 1600112640, 0x5f5f63695f6c6173745f726567656e65726174657c693a313630303131323634303b6e616d657c733a31303a2241646d696e2055736572223b656d61696c7c733a31353a2261646d696e40676d61696c2e636f6d223b69647c733a313a2234223b747970657c733a313a2231223b6c6f67676564696e7c623a313b),
('euvjaerbmq68q0unnho85a44206u58mj', '::1', 1600112958, 0x5f5f63695f6c6173745f726567656e65726174657c693a313630303131323935383b6e616d657c733a31303a2241646d696e2055736572223b656d61696c7c733a31353a2261646d696e40676d61696c2e636f6d223b69647c733a313a2234223b747970657c733a313a2231223b6c6f67676564696e7c623a313b),
('2sfo05b35auq8lpsgpcqkjqiqlverqoc', '::1', 1600113321, 0x5f5f63695f6c6173745f726567656e65726174657c693a313630303131333332313b6e616d657c733a31303a2241646d696e2055736572223b656d61696c7c733a31353a2261646d696e40676d61696c2e636f6d223b69647c733a313a2234223b747970657c733a313a2231223b6c6f67676564696e7c623a313b),
('c35h9lip4p6lv3aclffk48vcf2k3qk9v', '::1', 1600113679, 0x5f5f63695f6c6173745f726567656e65726174657c693a313630303131333637393b6e616d657c733a31303a2241646d696e2055736572223b656d61696c7c733a31353a2261646d696e40676d61696c2e636f6d223b69647c733a313a2234223b747970657c733a313a2231223b6c6f67676564696e7c623a313b),
('e7cjp5a8fkkkka2trd03ee50890lboho', '::1', 1600114177, 0x5f5f63695f6c6173745f726567656e65726174657c693a313630303131343137373b6e616d657c733a31303a2241646d696e2055736572223b656d61696c7c733a31353a2261646d696e40676d61696c2e636f6d223b69647c733a313a2234223b747970657c733a313a2231223b6c6f67676564696e7c623a313b),
('8euct5116uf56v5omhi1osgb2aq1sfni', '::1', 1600114613, 0x5f5f63695f6c6173745f726567656e65726174657c693a313630303131343631333b6e616d657c733a31303a2241646d696e2055736572223b656d61696c7c733a31353a2261646d696e40676d61696c2e636f6d223b69647c733a313a2234223b747970657c733a313a2231223b6c6f67676564696e7c623a313b),
('5pan7j7k99s4h7li0u509adg6apccg1n', '::1', 1600115011, 0x5f5f63695f6c6173745f726567656e65726174657c693a313630303131353031313b6e616d657c733a31303a2241646d696e2055736572223b656d61696c7c733a31353a2261646d696e40676d61696c2e636f6d223b69647c733a313a2234223b747970657c733a313a2231223b6c6f67676564696e7c623a313b),
('5snc8am8t27u6f8qermrc8eclidequ4d', '::1', 1600115351, 0x5f5f63695f6c6173745f726567656e65726174657c693a313630303131353335313b6e616d657c733a31303a2241646d696e2055736572223b656d61696c7c733a31353a2261646d696e40676d61696c2e636f6d223b69647c733a313a2234223b747970657c733a313a2231223b6c6f67676564696e7c623a313b),
('43hb4d8iqbi992fe146iglhu0jk616rq', '::1', 1600115755, 0x5f5f63695f6c6173745f726567656e65726174657c693a313630303131353735353b6e616d657c733a31303a2241646d696e2055736572223b656d61696c7c733a31353a2261646d696e40676d61696c2e636f6d223b69647c733a313a2234223b747970657c733a313a2231223b6c6f67676564696e7c623a313b),
('7iq3vfpp227b4d4kaht6rldfs3g8prpl', '::1', 1600116384, 0x5f5f63695f6c6173745f726567656e65726174657c693a313630303131363338343b6e616d657c733a31303a2241646d696e2055736572223b656d61696c7c733a31353a2261646d696e40676d61696c2e636f6d223b69647c733a313a2234223b747970657c733a313a2231223b6c6f67676564696e7c623a313b),
('vb4o9u50st0bm51vk6f94euf7s9nio2j', '::1', 1600116854, 0x5f5f63695f6c6173745f726567656e65726174657c693a313630303131363835343b6e616d657c733a31303a2241646d696e2055736572223b656d61696c7c733a31353a2261646d696e40676d61696c2e636f6d223b69647c733a313a2234223b747970657c733a313a2231223b6c6f67676564696e7c623a313b),
('1lmo73isvhc3fbugpmspvs579kovqbgu', '::1', 1600117225, 0x5f5f63695f6c6173745f726567656e65726174657c693a313630303131373232353b6e616d657c733a31303a2241646d696e2055736572223b656d61696c7c733a31353a2261646d696e40676d61696c2e636f6d223b69647c733a313a2234223b747970657c733a313a2231223b6c6f67676564696e7c623a313b),
('qm0bd3vqvkg6dh9bk9fcub913uvafs0m', '::1', 1600117643, 0x5f5f63695f6c6173745f726567656e65726174657c693a313630303131373634333b6e616d657c733a31303a2241646d696e2055736572223b656d61696c7c733a31353a2261646d696e40676d61696c2e636f6d223b69647c733a313a2234223b747970657c733a313a2231223b6c6f67676564696e7c623a313b),
('3jgt0v59435qridrladddbjna20abooc', '::1', 1600119149, 0x5f5f63695f6c6173745f726567656e65726174657c693a313630303131393134393b6e616d657c733a31303a2241646d696e2055736572223b656d61696c7c733a31353a2261646d696e40676d61696c2e636f6d223b69647c733a313a2234223b747970657c733a313a2231223b6c6f67676564696e7c623a313b),
('om6t8vta2j1brrstg7qpthublm5d0qdu', '::1', 1600120683, 0x5f5f63695f6c6173745f726567656e65726174657c693a313630303132303638333b6e616d657c733a31303a2241646d696e2055736572223b656d61696c7c733a31353a2261646d696e40676d61696c2e636f6d223b69647c733a313a2234223b747970657c733a313a2231223b6c6f67676564696e7c623a313b),
('cdh1vb0l52df5sid2ba99qahkria8soc', '::1', 1600121091, 0x5f5f63695f6c6173745f726567656e65726174657c693a313630303132313039313b6e616d657c733a31303a2241646d696e2055736572223b656d61696c7c733a31353a2261646d696e40676d61696c2e636f6d223b69647c733a313a2234223b747970657c733a313a2231223b6c6f67676564696e7c623a313b),
('dcm57eungpimqin0ldiqcd4n9e7e12jh', '::1', 1600128182, 0x5f5f63695f6c6173745f726567656e65726174657c693a313630303132383138323b6e616d657c733a31303a2241646d696e2055736572223b656d61696c7c733a31353a2261646d696e40676d61696c2e636f6d223b69647c733a313a2234223b747970657c733a313a2231223b6c6f67676564696e7c623a313b),
('60c5tnrm7deg3ipmukfc4erd4c8eqb9e', '::1', 1600128876, 0x5f5f63695f6c6173745f726567656e65726174657c693a313630303132383837363b6e616d657c733a31303a2241646d696e2055736572223b656d61696c7c733a31353a2261646d696e40676d61696c2e636f6d223b69647c733a313a2234223b747970657c733a313a2231223b6c6f67676564696e7c623a313b),
('o53fq0n95rp09ohbd3a3aih116luf73f', '::1', 1600129177, 0x5f5f63695f6c6173745f726567656e65726174657c693a313630303132393137373b6e616d657c733a31303a2241646d696e2055736572223b656d61696c7c733a31353a2261646d696e40676d61696c2e636f6d223b69647c733a313a2234223b747970657c733a313a2231223b6c6f67676564696e7c623a313b),
('pgseuig56r8ra3ms8bc1jujifjhdvei2', '::1', 1600129494, 0x5f5f63695f6c6173745f726567656e65726174657c693a313630303132393439343b6e616d657c733a31303a2241646d696e2055736572223b656d61696c7c733a31353a2261646d696e40676d61696c2e636f6d223b69647c733a313a2234223b747970657c733a313a2231223b6c6f67676564696e7c623a313b),
('nnofv6c4e46is5hjag7rutctae97tfdn', '::1', 1600130292, 0x5f5f63695f6c6173745f726567656e65726174657c693a313630303133303239323b6e616d657c733a31303a2241646d696e2055736572223b656d61696c7c733a31353a2261646d696e40676d61696c2e636f6d223b69647c733a313a2234223b747970657c733a313a2231223b6c6f67676564696e7c623a313b),
('ah14ghptfagc97g3kte2pao549luc8ti', '::1', 1600130643, 0x5f5f63695f6c6173745f726567656e65726174657c693a313630303133303634333b6e616d657c733a31303a2241646d696e2055736572223b656d61696c7c733a31353a2261646d696e40676d61696c2e636f6d223b69647c733a313a2234223b747970657c733a313a2231223b6c6f67676564696e7c623a313b),
('uqs0co40hnadou6a6t8s1jr9r7ugud22', '::1', 1600131090, 0x5f5f63695f6c6173745f726567656e65726174657c693a313630303133313039303b6e616d657c733a31303a2241646d696e2055736572223b656d61696c7c733a31353a2261646d696e40676d61696c2e636f6d223b69647c733a313a2234223b747970657c733a313a2231223b6c6f67676564696e7c623a313b),
('fdmfq4btk2uo74prt44ge4bqqngfbguc', '::1', 1600131409, 0x5f5f63695f6c6173745f726567656e65726174657c693a313630303133313430393b6e616d657c733a31303a2241646d696e2055736572223b656d61696c7c733a31353a2261646d696e40676d61696c2e636f6d223b69647c733a313a2234223b747970657c733a313a2231223b6c6f67676564696e7c623a313b),
('bkejvio42oh9jqm11sc20h1e1ub1pi9c', '::1', 1600131812, 0x5f5f63695f6c6173745f726567656e65726174657c693a313630303133313831323b6e616d657c733a31303a2241646d696e2055736572223b656d61696c7c733a31353a2261646d696e40676d61696c2e636f6d223b69647c733a313a2234223b747970657c733a313a2231223b6c6f67676564696e7c623a313b),
('h9a8ln95h8a2ds761hdu7e3gi80tbm9i', '::1', 1600132496, 0x5f5f63695f6c6173745f726567656e65726174657c693a313630303133323439363b6e616d657c733a31303a2241646d696e2055736572223b656d61696c7c733a31353a2261646d696e40676d61696c2e636f6d223b69647c733a313a2234223b747970657c733a313a2231223b6c6f67676564696e7c623a313b),
('566f7jvaih2tt840oc90hia2k1trnndi', '::1', 1600133155, 0x5f5f63695f6c6173745f726567656e65726174657c693a313630303133333135353b6e616d657c733a31303a2241646d696e2055736572223b656d61696c7c733a31353a2261646d696e40676d61696c2e636f6d223b69647c733a313a2234223b747970657c733a313a2231223b6c6f67676564696e7c623a313b),
('it65ujql0olgaa3imeunounsljkkhe9d', '::1', 1600133512, 0x5f5f63695f6c6173745f726567656e65726174657c693a313630303133333531323b6e616d657c733a31303a2241646d696e2055736572223b656d61696c7c733a31353a2261646d696e40676d61696c2e636f6d223b69647c733a313a2234223b747970657c733a313a2231223b6c6f67676564696e7c623a313b),
('01md5qcq4te8cuk74n263v67hqeobf5k', '::1', 1600133983, 0x5f5f63695f6c6173745f726567656e65726174657c693a313630303133333938333b6e616d657c733a31303a2241646d696e2055736572223b656d61696c7c733a31353a2261646d696e40676d61696c2e636f6d223b69647c733a313a2234223b747970657c733a313a2231223b6c6f67676564696e7c623a313b),
('sd23qumja0bmp2pnhlvh3qf9n92ocfv0', '::1', 1600134514, 0x5f5f63695f6c6173745f726567656e65726174657c693a313630303133343531343b6e616d657c733a31303a2241646d696e2055736572223b656d61696c7c733a31353a2261646d696e40676d61696c2e636f6d223b69647c733a313a2234223b747970657c733a313a2231223b6c6f67676564696e7c623a313b),
('iibcvvm0gd0ppdcvvt8phea34ohtng04', '::1', 1600135216, 0x5f5f63695f6c6173745f726567656e65726174657c693a313630303133353231363b6e616d657c733a31303a2241646d696e2055736572223b656d61696c7c733a31353a2261646d696e40676d61696c2e636f6d223b69647c733a313a2234223b747970657c733a313a2231223b6c6f67676564696e7c623a313b),
('lo212c9qe5uk21utmc2ekhfc3lsj85tc', '::1', 1600135694, 0x5f5f63695f6c6173745f726567656e65726174657c693a313630303133353639343b6e616d657c733a31303a2241646d696e2055736572223b656d61696c7c733a31353a2261646d696e40676d61696c2e636f6d223b69647c733a313a2234223b747970657c733a313a2231223b6c6f67676564696e7c623a313b),
('rmhmckrpjjdo2okeb3hrutin50lktjsd', '::1', 1600137421, 0x5f5f63695f6c6173745f726567656e65726174657c693a313630303133373432313b6e616d657c733a31303a2241646d696e2055736572223b656d61696c7c733a31353a2261646d696e40676d61696c2e636f6d223b69647c733a313a2234223b747970657c733a313a2231223b6c6f67676564696e7c623a313b),
('04abrqhhr36ioc7gtdtac0c84rnaa2mf', '::1', 1600138002, 0x5f5f63695f6c6173745f726567656e65726174657c693a313630303133383030323b6e616d657c733a31303a2241646d696e2055736572223b656d61696c7c733a31353a2261646d696e40676d61696c2e636f6d223b69647c733a313a2234223b747970657c733a313a2231223b6c6f67676564696e7c623a313b),
('fbd082svamdv6b7ulrj94obu4at2oorv', '::1', 1600138301, 0x5f5f63695f6c6173745f726567656e65726174657c693a313630303133383030323b6e616d657c733a31303a2241646d696e2055736572223b656d61696c7c733a31353a2261646d696e40676d61696c2e636f6d223b69647c733a313a2234223b747970657c733a313a2231223b6c6f67676564696e7c623a313b),
('pk26m2gtvqodmrht1k1pisgdeg16l1rj', '::1', 1600177868, 0x5f5f63695f6c6173745f726567656e65726174657c693a313630303137373836383b6e616d657c733a31303a2241646d696e2055736572223b656d61696c7c733a31353a2261646d696e40676d61696c2e636f6d223b69647c733a313a2234223b747970657c733a313a2231223b6c6f67676564696e7c623a313b),
('e308d4qj4vntq2vp94uj3o2ls8unlo01', '::1', 1600178259, 0x5f5f63695f6c6173745f726567656e65726174657c693a313630303137383235393b6e616d657c733a31303a2241646d696e2055736572223b656d61696c7c733a31353a2261646d696e40676d61696c2e636f6d223b69647c733a313a2234223b747970657c733a313a2231223b6c6f67676564696e7c623a313b),
('3vnomlun1aqns2ruellf8r2055nv64j4', '::1', 1600180216, 0x5f5f63695f6c6173745f726567656e65726174657c693a313630303138303231363b6e616d657c733a31303a2241646d696e2055736572223b656d61696c7c733a31353a2261646d696e40676d61696c2e636f6d223b69647c733a313a2234223b747970657c733a313a2231223b6c6f67676564696e7c623a313b),
('l7reok3k5vr1oeak58a7stk051skllf9', '::1', 1600180216, 0x5f5f63695f6c6173745f726567656e65726174657c693a313630303138303231363b6e616d657c733a31303a2241646d696e2055736572223b656d61696c7c733a31353a2261646d696e40676d61696c2e636f6d223b69647c733a313a2234223b747970657c733a313a2231223b6c6f67676564696e7c623a313b),
('jlm023a989j4spojmghgmbao9tbl6mnl', '::1', 1600204848, 0x5f5f63695f6c6173745f726567656e65726174657c693a313630303230343834383b),
('qjb7omlplgba5rgi698cgda466v0mjrj', '::1', 1600204848, 0x5f5f63695f6c6173745f726567656e65726174657c693a313630303230343834383b),
('gqfkhftv4kbba21jp1206gbmm5k0lvnp', '::1', 1600205515, 0x5f5f63695f6c6173745f726567656e65726174657c693a313630303230353531353b6e616d657c733a31303a2241646d696e2055736572223b656d61696c7c733a31353a2261646d696e40676d61696c2e636f6d223b69647c733a313a2234223b747970657c733a313a2231223b6c6f67676564696e7c623a313b),
('g7rfd1ccp28bhe3kuv5fc9mgs9ad0epk', '::1', 1600205907, 0x5f5f63695f6c6173745f726567656e65726174657c693a313630303230353930373b6e616d657c733a31303a2241646d696e2055736572223b656d61696c7c733a31353a2261646d696e40676d61696c2e636f6d223b69647c733a313a2234223b747970657c733a313a2231223b6c6f67676564696e7c623a313b),
('94kvg1sbj3tepvd5hjd4jnqccqsqn4v4', '::1', 1600206362, 0x5f5f63695f6c6173745f726567656e65726174657c693a313630303230363336323b6e616d657c733a31303a2241646d696e2055736572223b656d61696c7c733a31353a2261646d696e40676d61696c2e636f6d223b69647c733a313a2234223b747970657c733a313a2231223b6c6f67676564696e7c623a313b),
('e8c0e8u9u9r30vrnj8b903ihlaq7tv9b', '::1', 1600206887, 0x5f5f63695f6c6173745f726567656e65726174657c693a313630303230363838373b6e616d657c733a31303a2241646d696e2055736572223b656d61696c7c733a31353a2261646d696e40676d61696c2e636f6d223b69647c733a313a2234223b747970657c733a313a2231223b6c6f67676564696e7c623a313b),
('6i25t747kpp0m71jscmlslqs5c2lo8h4', '::1', 1600207252, 0x5f5f63695f6c6173745f726567656e65726174657c693a313630303230373235323b6e616d657c733a31303a2241646d696e2055736572223b656d61696c7c733a31353a2261646d696e40676d61696c2e636f6d223b69647c733a313a2234223b747970657c733a313a2231223b6c6f67676564696e7c623a313b),
('r3dve1unhca9e46lgcr6pfjgi7q6daci', '::1', 1600207654, 0x5f5f63695f6c6173745f726567656e65726174657c693a313630303230373635343b6e616d657c733a31303a2241646d696e2055736572223b656d61696c7c733a31353a2261646d696e40676d61696c2e636f6d223b69647c733a313a2234223b747970657c733a313a2231223b6c6f67676564696e7c623a313b),
('s37uomb5lb64uiuj5erhjjp6j2vctenr', '::1', 1600207961, 0x5f5f63695f6c6173745f726567656e65726174657c693a313630303230373936313b6e616d657c733a31303a2241646d696e2055736572223b656d61696c7c733a31353a2261646d696e40676d61696c2e636f6d223b69647c733a313a2234223b747970657c733a313a2231223b6c6f67676564696e7c623a313b),
('g7k7ntoka791mshmmo78t9cpvdk71bkt', '::1', 1600208559, 0x5f5f63695f6c6173745f726567656e65726174657c693a313630303230383535393b6e616d657c733a31303a2241646d696e2055736572223b656d61696c7c733a31353a2261646d696e40676d61696c2e636f6d223b69647c733a313a2234223b747970657c733a313a2231223b6c6f67676564696e7c623a313b),
('bq975bdep023o506nam81crvl8bieehb', '::1', 1600209001, 0x5f5f63695f6c6173745f726567656e65726174657c693a313630303230393030313b6e616d657c733a31303a2241646d696e2055736572223b656d61696c7c733a31353a2261646d696e40676d61696c2e636f6d223b69647c733a313a2234223b747970657c733a313a2231223b6c6f67676564696e7c623a313b),
('frbjdgmj41udh6uqci4an2odajqsae0i', '::1', 1600209353, 0x5f5f63695f6c6173745f726567656e65726174657c693a313630303230393335333b6e616d657c733a31303a2241646d696e2055736572223b656d61696c7c733a31353a2261646d696e40676d61696c2e636f6d223b69647c733a313a2234223b747970657c733a313a2231223b6c6f67676564696e7c623a313b),
('u4gtap2brmc4mn3g48dbo943co3ei2a4', '::1', 1600209656, 0x5f5f63695f6c6173745f726567656e65726174657c693a313630303230393635363b6e616d657c733a31303a2241646d696e2055736572223b656d61696c7c733a31353a2261646d696e40676d61696c2e636f6d223b69647c733a313a2234223b747970657c733a313a2231223b6c6f67676564696e7c623a313b),
('hf4q3tuaqebk7pl3s9mcu5rlght5unn1', '::1', 1600210005, 0x5f5f63695f6c6173745f726567656e65726174657c693a313630303231303030353b6e616d657c733a31303a2241646d696e2055736572223b656d61696c7c733a31353a2261646d696e40676d61696c2e636f6d223b69647c733a313a2234223b747970657c733a313a2231223b6c6f67676564696e7c623a313b),
('vethpophpeh3riemdlts0a1ksu0fj2hd', '::1', 1600210354, 0x5f5f63695f6c6173745f726567656e65726174657c693a313630303231303335343b6e616d657c733a31303a2241646d696e2055736572223b656d61696c7c733a31353a2261646d696e40676d61696c2e636f6d223b69647c733a313a2234223b747970657c733a313a2231223b6c6f67676564696e7c623a313b),
('r1v3t2f9ahinte44ktamdv8p3sjuqc1b', '::1', 1600210680, 0x5f5f63695f6c6173745f726567656e65726174657c693a313630303231303638303b6e616d657c733a31303a2241646d696e2055736572223b656d61696c7c733a31353a2261646d696e40676d61696c2e636f6d223b69647c733a313a2234223b747970657c733a313a2231223b6c6f67676564696e7c623a313b),
('4upvl5fpqe71qj853cjc43h5m2jedsil', '::1', 1600210998, 0x5f5f63695f6c6173745f726567656e65726174657c693a313630303231303939383b6e616d657c733a31303a2241646d696e2055736572223b656d61696c7c733a31353a2261646d696e40676d61696c2e636f6d223b69647c733a313a2234223b747970657c733a313a2231223b6c6f67676564696e7c623a313b),
('evchsjkirtvftrvl9jm6j4tresv3jpk2', '::1', 1600211309, 0x5f5f63695f6c6173745f726567656e65726174657c693a313630303231313330393b6e616d657c733a31303a2241646d696e2055736572223b656d61696c7c733a31353a2261646d696e40676d61696c2e636f6d223b69647c733a313a2234223b747970657c733a313a2231223b6c6f67676564696e7c623a313b),
('1r9elbnv1luktgvrlh2a0frfj6ngs0hc', '::1', 1600211631, 0x5f5f63695f6c6173745f726567656e65726174657c693a313630303231313633313b6e616d657c733a31303a2241646d696e2055736572223b656d61696c7c733a31353a2261646d696e40676d61696c2e636f6d223b69647c733a313a2234223b747970657c733a313a2231223b6c6f67676564696e7c623a313b),
('sh1v1ldl48l6rbngdn2ei3k4qqdlo34q', '::1', 1600212112, 0x5f5f63695f6c6173745f726567656e65726174657c693a313630303231323131323b6e616d657c733a31303a2241646d696e2055736572223b656d61696c7c733a31353a2261646d696e40676d61696c2e636f6d223b69647c733a313a2234223b747970657c733a313a2231223b6c6f67676564696e7c623a313b),
('uss47amfj8bo5o1qtir801qqfgl5ign0', '::1', 1600212421, 0x5f5f63695f6c6173745f726567656e65726174657c693a313630303231323432313b6e616d657c733a31303a2241646d696e2055736572223b656d61696c7c733a31353a2261646d696e40676d61696c2e636f6d223b69647c733a313a2234223b747970657c733a313a2231223b6c6f67676564696e7c623a313b),
('slmn701t2830jq51svt90h15t1f743ok', '::1', 1600212726, 0x5f5f63695f6c6173745f726567656e65726174657c693a313630303231323732363b6e616d657c733a31303a2241646d696e2055736572223b656d61696c7c733a31353a2261646d696e40676d61696c2e636f6d223b69647c733a313a2234223b747970657c733a313a2231223b6c6f67676564696e7c623a313b),
('6gen2au5287vg2ubg5p9oj6ilu3sden3', '::1', 1600213151, 0x5f5f63695f6c6173745f726567656e65726174657c693a313630303231333135313b6e616d657c733a31303a2241646d696e2055736572223b656d61696c7c733a31353a2261646d696e40676d61696c2e636f6d223b69647c733a313a2234223b747970657c733a313a2231223b6c6f67676564696e7c623a313b),
('fvlu0c6lf873fe5ipe58l5cop6m9cp4g', '::1', 1600213456, 0x5f5f63695f6c6173745f726567656e65726174657c693a313630303231333435363b6e616d657c733a31303a2241646d696e2055736572223b656d61696c7c733a31353a2261646d696e40676d61696c2e636f6d223b69647c733a313a2234223b747970657c733a313a2231223b6c6f67676564696e7c623a313b),
('52rob3l2a02tbp8hnpevb3jm389emg1n', '::1', 1600213775, 0x5f5f63695f6c6173745f726567656e65726174657c693a313630303231333737353b6e616d657c733a31303a2241646d696e2055736572223b656d61696c7c733a31353a2261646d696e40676d61696c2e636f6d223b69647c733a313a2234223b747970657c733a313a2231223b6c6f67676564696e7c623a313b),
('88dp8qaskhhq4l6357dtoakpgl9kh4gf', '::1', 1600214614, 0x5f5f63695f6c6173745f726567656e65726174657c693a313630303231343631343b6e616d657c733a31303a2241646d696e2055736572223b656d61696c7c733a31353a2261646d696e40676d61696c2e636f6d223b69647c733a313a2234223b747970657c733a313a2231223b6c6f67676564696e7c623a313b),
('3oc42plp0snu1o1873d0ajk7pedu8mva', '::1', 1600215096, 0x5f5f63695f6c6173745f726567656e65726174657c693a313630303231353039363b6e616d657c733a31303a2241646d696e2055736572223b656d61696c7c733a31353a2261646d696e40676d61696c2e636f6d223b69647c733a313a2234223b747970657c733a313a2231223b6c6f67676564696e7c623a313b),
('umqj6tmac7jlr2fnfnnbh92fpprdr4ea', '::1', 1600215509, 0x5f5f63695f6c6173745f726567656e65726174657c693a313630303231353530393b6e616d657c733a31303a2241646d696e2055736572223b656d61696c7c733a31353a2261646d696e40676d61696c2e636f6d223b69647c733a313a2234223b747970657c733a313a2231223b6c6f67676564696e7c623a313b);
INSERT INTO `ci_sessions` (`id`, `ip_address`, `timestamp`, `data`) VALUES
('q49804kfb3p3n2q23b26h43gkl2mhtc2', '::1', 1600215826, 0x5f5f63695f6c6173745f726567656e65726174657c693a313630303231353832363b6e616d657c733a31303a2241646d696e2055736572223b656d61696c7c733a31353a2261646d696e40676d61696c2e636f6d223b69647c733a313a2234223b747970657c733a313a2231223b6c6f67676564696e7c623a313b),
('fejc9iubc14dvc6ksec384duo8am22it', '::1', 1600216129, 0x5f5f63695f6c6173745f726567656e65726174657c693a313630303231363132393b6e616d657c733a31303a2241646d696e2055736572223b656d61696c7c733a31353a2261646d696e40676d61696c2e636f6d223b69647c733a313a2234223b747970657c733a313a2231223b6c6f67676564696e7c623a313b),
('06hhnkk35n3jav1cbd7bt35eu9sn5bfj', '::1', 1600218868, 0x5f5f63695f6c6173745f726567656e65726174657c693a313630303231383836383b6e616d657c733a31303a2241646d696e2055736572223b656d61696c7c733a31353a2261646d696e40676d61696c2e636f6d223b69647c733a313a2234223b747970657c733a313a2231223b6c6f67676564696e7c623a313b),
('fk88h9bjiq406uf9sma5v0usavafo9v9', '::1', 1600218866, 0x5f5f63695f6c6173745f726567656e65726174657c693a313630303231383836363b),
('522mgdrtvg6793lmunt0m2hcs2d7j341', '::1', 1600219419, 0x5f5f63695f6c6173745f726567656e65726174657c693a313630303231393431393b6e616d657c733a31303a2241646d696e2055736572223b656d61696c7c733a31353a2261646d696e40676d61696c2e636f6d223b69647c733a313a2234223b747970657c733a313a2231223b6c6f67676564696e7c623a313b),
('k9c77vmcvtstpi14melc4otr2ket1nk0', '::1', 1600220004, 0x5f5f63695f6c6173745f726567656e65726174657c693a313630303232303030343b6e616d657c733a31303a2241646d696e2055736572223b656d61696c7c733a31353a2261646d696e40676d61696c2e636f6d223b69647c733a313a2234223b747970657c733a313a2231223b6c6f67676564696e7c623a313b),
('i5sqh6kruedjumh09cjti3vi2qs6l1gf', '::1', 1600220313, 0x5f5f63695f6c6173745f726567656e65726174657c693a313630303232303331333b6e616d657c733a31303a2241646d696e2055736572223b656d61696c7c733a31353a2261646d696e40676d61696c2e636f6d223b69647c733a313a2234223b747970657c733a313a2231223b6c6f67676564696e7c623a313b),
('0mv40it51omghngcte2cnf3lrmbr9svj', '::1', 1600220639, 0x5f5f63695f6c6173745f726567656e65726174657c693a313630303232303633393b6e616d657c733a31303a2241646d696e2055736572223b656d61696c7c733a31353a2261646d696e40676d61696c2e636f6d223b69647c733a313a2234223b747970657c733a313a2231223b6c6f67676564696e7c623a313b),
('4lon9t48saoaoc6kti0v6h0vv50gsl49', '::1', 1600220740, 0x5f5f63695f6c6173745f726567656e65726174657c693a313630303232303633393b6e616d657c733a31303a2241646d696e2055736572223b656d61696c7c733a31353a2261646d696e40676d61696c2e636f6d223b69647c733a313a2234223b747970657c733a313a2231223b6c6f67676564696e7c623a313b);

-- --------------------------------------------------------

--
-- Table structure for table `invoice`
--

CREATE TABLE `invoice` (
  `id` int(11) NOT NULL,
  `product` text NOT NULL,
  `sub_total` varchar(100) NOT NULL,
  `vat` varchar(50) NOT NULL,
  `d_charge` varchar(10) NOT NULL,
  `total` varchar(100) NOT NULL,
  `date` varchar(30) NOT NULL,
  `order_id` varchar(20) NOT NULL
) ENGINE=InnoDB DEFAULT CHARSET=latin1;

--
-- Dumping data for table `invoice`
--

INSERT INTO `invoice` (`id`, `product`, `sub_total`, `vat`, `d_charge`, `total`, `date`, `order_id`) VALUES
(27, '[{\"item\":{\"product_id\":3,\"product_name\":\"Napa\",\"unit_price\":\"2.5\",\"unit\":\"5\",\"sub_total\":\"12.5\"}},{\"item\":{\"product_id\":5,\"product_name\":\"Acifix\",\"unit_price\":\"5\",\"unit\":\"3\",\"sub_total\":\"15\"}},{\"item\":{\"product_id\":4,\"product_name\":\"Renova\",\"unit_price\":\"4\",\"unit\":\"1\",\"sub_total\":\"4\"}}]', '31.5', '4', '4', '39.5', '2020/09/15 - 08:01:58 pm', '7NFTNBTA'),
(28, '[{\"item\":{\"product_id\":3,\"product_name\":\"Napa\",\"unit_price\":\"2.5\",\"unit\":\"3\",\"sub_total\":\"7.5\"}},{\"item\":{\"product_id\":5,\"product_name\":\"Acifix\",\"unit_price\":\"5\",\"unit\":\"3\",\"sub_total\":\"15\"}}]', '22.5', '21', '23', '66.5', '2020/09/16 - 05:50:31 am', '7NATNBTA'),
(29, '[{\"item\":{\"product_id\":4,\"product_name\":\"Renova\",\"unit_price\":\"4\",\"unit\":\"5\",\"sub_total\":\"20\"}},{\"item\":{\"product_id\":4,\"product_name\":\"Renova\",\"unit_price\":\"4\",\"unit\":\"4\",\"sub_total\":\"20\"}},{\"item\":{\"product_id\":5,\"product_name\":\"Acifix\",\"unit_price\":\"5\",\"unit\":\"12\",\"sub_total\":\"60\"}},{\"item\":{\"product_id\":6,\"product_name\":\"Ometid\",\"unit_price\":\"15\",\"unit\":\"19\",\"sub_total\":\"285\"}}]', '385', '21', '50', '456', '2020/09/16 - 05:53:14 am', '7NATNBTC');

-- --------------------------------------------------------

--
-- Table structure for table `migrations`
--

CREATE TABLE `migrations` (
  `version` bigint(20) NOT NULL
) ENGINE=InnoDB DEFAULT CHARSET=utf8;

--
-- Dumping data for table `migrations`
--

INSERT INTO `migrations` (`version`) VALUES
(2);

-- --------------------------------------------------------

--
-- Table structure for table `order_request`
--

CREATE TABLE `order_request` (
  `id` int(11) NOT NULL,
  `order_no` varchar(15) NOT NULL,
  `date` varchar(50) NOT NULL,
  `prescription` text,
  `user_id` int(20) NOT NULL,
  `status` int(1) NOT NULL,
  `note` text NOT NULL
) ENGINE=InnoDB DEFAULT CHARSET=latin1;

--
-- Dumping data for table `order_request`
--

INSERT INTO `order_request` (`id`, `order_no`, `date`, `prescription`, `user_id`, `status`, `note`) VALUES
(1, '7NFTNBTA', '2020/09/13 6:02:05', '5f5ce247609510.122103731599922759.jpg', 6, 1, 'ftugvkmjgbnm'),
(2, '7NATNBTA', '2020/09/13', '5f5ce9fd0aaf90.729961821599924733.png', 6, 3, 'Check this order bsfdvbs'),
(3, '7NATNBTC', '2020/09/12 ', '5f5ce9fd0aaf90.729961821599924733.png', 7, 2, 'Check this order bsfdvbs'),
(4, 'Y6Z74NLG', '2020/09/16 - 05:55:17 am', '5f615456751ee1.801764381600214102.jpg', 6, 3, 'Need It today');

-- --------------------------------------------------------

--
-- Table structure for table `pays`
--

CREATE TABLE `pays` (
  `id` int(11) NOT NULL,
  `name` varchar(150) NOT NULL,
  `p_type` varchar(150) NOT NULL,
  `date` varchar(250) NOT NULL,
  `transction` varchar(50) NOT NULL,
  `gamount` varchar(10) NOT NULL,
  `status` varchar(20) NOT NULL,
  `type` varchar(10) NOT NULL,
  `t_fee` varchar(10) NOT NULL,
  `c_name` varchar(30) NOT NULL,
  `c_email` varchar(250) NOT NULL,
  `client` varchar(250) NOT NULL,
  `payment_type` varchar(100) NOT NULL,
  `p_method` varchar(100) NOT NULL
) ENGINE=InnoDB DEFAULT CHARSET=latin1;

--
-- Dumping data for table `pays`
--

INSERT INTO `pays` (`id`, `name`, `p_type`, `date`, `transction`, `gamount`, `status`, `type`, `t_fee`, `c_name`, `c_email`, `client`, `payment_type`, `p_method`) VALUES
(1, 'Manishankar Vakta', 'Personal Payment', 'July 18, 2018 at 1:54:09 PM EDT', '6DA11131KX550160V', '120', '2', 'Recived', '2.5', 'Manisahankar Vakta', 'manishankarvakta@gmail.com', 'manishankarvakta@gmail.com', 'Paypal Balace', 'Paypal Account'),
(2, 'Manishankar Vakta', 'Personal Payment', 'July 19, 2018 at 1:54:09 PM EDT', '6DA11131KX558160V', '500', '1', 'Recived', '2.5', 'Manisahankar Vakta', 'manishankarvakta@gmail.com', 'manishankarvakta@gmail.com', 'Paypal Balace', 'Paypal Account'),
(3, 'Manishankar Vakta', 'Personal Payment', 'July 20, 2018 at 1:54:09 PM EDT', '6DA11131KX5501656', '50', '1', 'Send', '2.5', 'Manisahankar Vakta', 'manishankarvakta@gmail.com', 'manishankarvakta@gmail.com', 'Paypal Balace', 'Paypal Account'),
(4, 'Manishankar Vakta', 'personal', 'Aug 20, 2020 at 1:54:09 PM EDT', '25A11131KX5501656', '120', '1', 'Send', '8', 'Manishankar Vakta', 'manishankarvakta@gmail.com', 'manishankarvakta@gmail.com', '1254', 'paypal');

-- --------------------------------------------------------

--
-- Table structure for table `product`
--

CREATE TABLE `product` (
  `id` int(11) NOT NULL,
  `name` varchar(150) NOT NULL,
  `details` text NOT NULL,
  `brand` int(5) NOT NULL,
  `photo` text NOT NULL,
  `category` int(5) DEFAULT NULL,
  `sub-category` int(5) DEFAULT NULL,
  `type` int(5) NOT NULL,
  `bp` int(100) NOT NULL,
  `status` int(1) NOT NULL,
  `date` varchar(100) DEFAULT NULL,
  `price` varchar(11) NOT NULL
) ENGINE=InnoDB DEFAULT CHARSET=latin1;

--
-- Dumping data for table `product`
--

INSERT INTO `product` (`id`, `name`, `details`, `brand`, `photo`, `category`, `sub-category`, `type`, `bp`, `status`, `date`, `price`) VALUES
(3, 'Napa', 'Napa', 3, '5f5a3b82b1cec4.963464021599748994.jpg', 42, NULL, 2, 500, 0, '2020/09/13 - 08:34:44 pm', '2.5'),
(4, 'Renova', 'Renova - paracetamol by opsonin', 4, '5f5a3c94d6d2b9.459382841599749268.png', 42, NULL, 2, 500, 0, '2020/09/13 - 08:34:55 pm', '4'),
(5, 'Acifix', 'Rabeprazole Sodium', 3, '5f5a3e9f2c6e08.420555321599749791.jpg', 45, NULL, 2, 25, 0, '2020/09/13 - 08:35:01 pm', '5'),
(6, 'Ometid', 'Omeprazole is a proton pump inhibitor.', 4, '5f5a3f0b20c400.293467001599749899.png', 45, NULL, 3, 20, 0, '2020/09/13 - 08:35:07 pm', '15');

-- --------------------------------------------------------

--
-- Table structure for table `status`
--

CREATE TABLE `status` (
  `id` int(11) NOT NULL,
  `title` varchar(150) NOT NULL,
  `des` text NOT NULL
) ENGINE=InnoDB DEFAULT CHARSET=latin1;

--
-- Dumping data for table `status`
--

INSERT INTO `status` (`id`, `title`, `des`) VALUES
(1, 'complete', 'Transaction is complete !'),
(2, 'Panding', 'Pending Transaction');

-- --------------------------------------------------------

--
-- Table structure for table `stock`
--

CREATE TABLE `stock` (
  `id` int(11) NOT NULL,
  `product` int(10) NOT NULL,
  `b_price` varchar(100) NOT NULL,
  `s_price` varchar(100) NOT NULL,
  `e_date` varchar(100) NOT NULL,
  `stock` int(100) NOT NULL,
  `s_unit` int(10) NOT NULL,
  `supplier` varchar(150) NOT NULL,
  `date` varchar(100) NOT NULL,
  `status` int(1) NOT NULL,
  `bp` varchar(10) DEFAULT NULL
) ENGINE=InnoDB DEFAULT CHARSET=latin1;

--
-- Dumping data for table `stock`
--

INSERT INTO `stock` (`id`, `product`, `b_price`, `s_price`, `e_date`, `stock`, `s_unit`, `supplier`, `date`, `status`, `bp`) VALUES
(1, 3, '123', '323', '2026-07-16', 0, 6, 'Limon ', '2020/09/10', 0, NULL),
(2, 3, '123', '323', '2020-06-16', 0, 6, 'Limon ', '2020/09/10', 0, NULL),
(3, 4, '123', '323', '2020-06-16', 0, 6, 'Limon ', '2020/09/10', 0, NULL);

-- --------------------------------------------------------

--
-- Table structure for table `type`
--

CREATE TABLE `type` (
  `id` int(11) NOT NULL,
  `type` varchar(150) NOT NULL,
  `details` text NOT NULL,
  `status` int(1) NOT NULL
) ENGINE=InnoDB DEFAULT CHARSET=latin1;

--
-- Dumping data for table `type`
--

INSERT INTO `type` (`id`, `type`, `details`, `status`) VALUES
(2, 'Tablet', 'Tablet', 0),
(3, 'Capsule', 'Capsule', 0),
(4, 'Liquid', 'Liquid', 0);

-- --------------------------------------------------------

--
-- Table structure for table `unit`
--

CREATE TABLE `unit` (
  `id` int(11) NOT NULL,
  `title` varchar(150) NOT NULL,
  `status` int(1) NOT NULL,
  `type` int(5) NOT NULL
) ENGINE=InnoDB DEFAULT CHARSET=latin1;

--
-- Dumping data for table `unit`
--

INSERT INTO `unit` (`id`, `title`, `status`, `type`) VALUES
(3, 'Pieces', 0, 2),
(4, 'Pieces', 0, 3),
(5, 'Pack', 0, 2),
(6, 'Box', 0, 2),
(7, 'Pack', 0, 3),
(8, 'Box', 0, 3),
(9, 'Bottle', 0, 4);

-- --------------------------------------------------------

--
-- Table structure for table `users`
--

CREATE TABLE `users` (
  `id` int(11) UNSIGNED NOT NULL,
  `email` varchar(100) NOT NULL,
  `password` varchar(128) NOT NULL,
  `name` varchar(100) NOT NULL,
  `phone` varchar(20) NOT NULL,
  `photo` varchar(150) DEFAULT NULL,
  `user_info` text,
  `address` text NOT NULL,
  `c_info` text,
  `type` int(11) NOT NULL,
  `status` int(11) NOT NULL
) ENGINE=InnoDB DEFAULT CHARSET=utf8;

--
-- Dumping data for table `users`
--

INSERT INTO `users` (`id`, `email`, `password`, `name`, `phone`, `photo`, `user_info`, `address`, `c_info`, `type`, `status`) VALUES
(4, 'admin@gmail.com', '2eb3189ff1e21a1bddb1b82418b4cbc3', 'Admin User', '01766443159', '', '0', '', '', 1, 0),
(6, 'customer@gmail.com', '2eb3189ff1e21a1bddb1b82418b4cbc3', 'Customer User', '01625456859', '5f5a851939ac45.694180861599767833.jpg', 'a:2:{s:3:\"sex\";s:4:\"male\";s:3:\"dob\";s:10:\"2020-09-11\";}', 'a:3:{s:7:\"bulding\";s:8:\"bhoirobi\";s:4:\"flat\";s:3:\"sda\";s:5:\"floor\";s:3:\"fda\";}', '', 3, 0),
(7, 'customer1@gmail.com', '2eb3189ff1e21a1bddb1b82418b4cbc3', 'Customer User 1', '01726845692', '5f5ca111f34363.569559721599906065.png', NULL, '', NULL, 3, 1);

--
-- Indexes for dumped tables
--

--
-- Indexes for table `brand`
--
ALTER TABLE `brand`
  ADD PRIMARY KEY (`id`);

--
-- Indexes for table `category`
--
ALTER TABLE `category`
  ADD PRIMARY KEY (`id`);

--
-- Indexes for table `ci_sessions`
--
ALTER TABLE `ci_sessions`
  ADD KEY `ci_sessions_timestamp` (`timestamp`);

--
-- Indexes for table `invoice`
--
ALTER TABLE `invoice`
  ADD PRIMARY KEY (`id`);

--
-- Indexes for table `order_request`
--
ALTER TABLE `order_request`
  ADD PRIMARY KEY (`id`);

--
-- Indexes for table `pays`
--
ALTER TABLE `pays`
  ADD PRIMARY KEY (`id`);

--
-- Indexes for table `product`
--
ALTER TABLE `product`
  ADD PRIMARY KEY (`id`);

--
-- Indexes for table `status`
--
ALTER TABLE `status`
  ADD PRIMARY KEY (`id`);

--
-- Indexes for table `stock`
--
ALTER TABLE `stock`
  ADD PRIMARY KEY (`id`);

--
-- Indexes for table `type`
--
ALTER TABLE `type`
  ADD PRIMARY KEY (`id`);

--
-- Indexes for table `unit`
--
ALTER TABLE `unit`
  ADD PRIMARY KEY (`id`);

--
-- Indexes for table `users`
--
ALTER TABLE `users`
  ADD PRIMARY KEY (`id`);

--
-- AUTO_INCREMENT for dumped tables
--

--
-- AUTO_INCREMENT for table `brand`
--
ALTER TABLE `brand`
  MODIFY `id` int(11) NOT NULL AUTO_INCREMENT, AUTO_INCREMENT=5;

--
-- AUTO_INCREMENT for table `category`
--
ALTER TABLE `category`
  MODIFY `id` int(11) NOT NULL AUTO_INCREMENT, AUTO_INCREMENT=46;

--
-- AUTO_INCREMENT for table `invoice`
--
ALTER TABLE `invoice`
  MODIFY `id` int(11) NOT NULL AUTO_INCREMENT, AUTO_INCREMENT=31;

--
-- AUTO_INCREMENT for table `order_request`
--
ALTER TABLE `order_request`
  MODIFY `id` int(11) NOT NULL AUTO_INCREMENT, AUTO_INCREMENT=5;

--
-- AUTO_INCREMENT for table `pays`
--
ALTER TABLE `pays`
  MODIFY `id` int(11) NOT NULL AUTO_INCREMENT, AUTO_INCREMENT=5;

--
-- AUTO_INCREMENT for table `product`
--
ALTER TABLE `product`
  MODIFY `id` int(11) NOT NULL AUTO_INCREMENT, AUTO_INCREMENT=7;

--
-- AUTO_INCREMENT for table `status`
--
ALTER TABLE `status`
  MODIFY `id` int(11) NOT NULL AUTO_INCREMENT, AUTO_INCREMENT=3;

--
-- AUTO_INCREMENT for table `stock`
--
ALTER TABLE `stock`
  MODIFY `id` int(11) NOT NULL AUTO_INCREMENT, AUTO_INCREMENT=4;

--
-- AUTO_INCREMENT for table `type`
--
ALTER TABLE `type`
  MODIFY `id` int(11) NOT NULL AUTO_INCREMENT, AUTO_INCREMENT=5;

--
-- AUTO_INCREMENT for table `unit`
--
ALTER TABLE `unit`
  MODIFY `id` int(11) NOT NULL AUTO_INCREMENT, AUTO_INCREMENT=10;

--
-- AUTO_INCREMENT for table `users`
--
ALTER TABLE `users`
  MODIFY `id` int(11) UNSIGNED NOT NULL AUTO_INCREMENT, AUTO_INCREMENT=8;
COMMIT;

/*!40101 SET CHARACTER_SET_CLIENT=@OLD_CHARACTER_SET_CLIENT */;
/*!40101 SET CHARACTER_SET_RESULTS=@OLD_CHARACTER_SET_RESULTS */;
/*!40101 SET COLLATION_CONNECTION=@OLD_COLLATION_CONNECTION */;
